gender,category,ROAS
Male,Lifestyle,19.947179053393658
Female,Lifestyle,16.236949460143215
Male,Nutrition,15.971517719146785
Female,Fitness,13.780456926889006
Male,Fitness,7.185258446639959
